{
  "funds": [
    {
      "name": "ICICI_PRU_NIFTY_NEXT_50_INDEX",
      "stocks": [
        "INDRAPRASTHA GAS LIMITED",
        "COLGATE - PALMOLIVE (INDIA) LIMITED",
        "INDUS TOWERS LIMITED",
        "INTERGLOBE AVIATION LIMITED",
        "MARICO LIMITED",
        "SBI CARDS AND PAYMENT SERVICES LIMITED",
        "PETRONET LNG LIMITED",
        "YES BANK LIMITED",
        "DABUR INDIA LIMITED",
        "BAJAJ HOLDINGS & INVESTMENT LIMITED",
        "ADANI ENTERPRISES LIMITED",
        "ACC LIMITED",
        "NMDC LIMITED",
        "GAIL (INDIA) LIMITED",
        "SIEMENS LIMITED",
        "DLF LIMITED",
        "ICICI LOMBARD GENERAL INSURANCE COMPANY LIMITED",
        "INFO EDGE (INDIA) LIMITED",
        "HDFC ASSET MANAGEMENT COMPANY LIMITED",
        "JUBILANT FOODWORKS LIMITED",
        "LUPIN LIMITED",
        "UNITED BREWERIES LIMITED",
        "UNITED SPIRITS LIMITED",
        "TORRENT PHARMACEUTICALS LIMITED",
        "HAVELLS INDIA LIMITED",
        "APOLLO HOSPITALS ENTERPRISE LIMITED",
        "BOSCH LIMITED",
        "ADANI TRANSMISSION LIMITED",
        "MOTHERSON SUMI SYSTEMS LIMITED",
        "AUROBINDO PHARMA LIMITED",
        "VEDANTA LIMITED",
        "HINDUSTAN PETROLEUM CORPORATION LIMITED",
        "ALKEM LABORATORIES LIMITED",
        "GODREJ CONSUMER PRODUCTS LIMITED",
        "GLAND PHARMA LIMITED",
        "BERGER PAINTS INDIA LIMITED",
        "AVENUE SUPERMARTS LIMITED",
        "ABBOTT INDIA LIMITED",
        "ICICI PRUDENTIAL LIFE INSURANCE COMPANY LIMITED",
        "ADANI GREEN ENERGY LIMITED",
        "PUNJAB NATIONAL BANK",
        "LARSEN & TOUBRO INFOTECH LIMITED",
        "MUTHOOT FINANCE LIMITED",
        "BANDHAN BANK LIMITED",
        "MRF LIMITED",
        "PROCTER & GAMBLE HYGIENE AND HEALTH CARE LIMITED",
        "AMBUJA CEMENTS LIMITED",
        "CADILA HEALTHCARE LIMITED",
        "PIRAMAL ENTERPRISES LIMITED",
        "PIDILITE INDUSTRIES LIMITED",
        "BIOCON LIMITED"
      ]
    },
    {
      "name": "PARAG_PARIKH_CONSERVATIVE_HYBRID",
      "stocks": [
        "INDRAPRASTHA GAS LIMITED",
        "SONA BLW PRECISION FORGINGS LIMITED",
        "ADITYA BIRLA FASHION AND RETAIL LIMITED",
        "GRINDWELL NORTON LIMITED",
        "3M INDIA LIMITED",
        "COROMANDEL INTERNATIONAL LIMITED",
        "TTK PRESTIGE LIMITED",
        "ACC LIMITED",
        "SUPREME INDUSTRIES LIMITED",
        "JK CEMENT LIMITED",
        "HONEYWELL AUTOMATION INDIA LIMITED",
        "JINDAL STEEL & POWER LIMITED",
        "SANOFI INDIA LIMITED",
        "TRENT LIMITED",
        "ATUL LIMITED",
        "ICICI BANK LIMITED",
        "COFORGE LIMITED",
        "INFO EDGE (INDIA) LIMITED",
        "HDFC BANK LIMITED",
        "CITY UNION BANK LIMITED",
        "VOLTAS LIMITED",
        "IPCA LABORATORIES LIMITED",
        "BATA INDIA LIMITED",
        "AARTI INDUSTRIES LIMITED",
        "TVS MOTOR COMPANY LIMITED",
        "TORRENT PHARMACEUTICALS LIMITED",
        "DIVI'S LABORATORIES LIMITED",
        "ENDURANCE TECHNOLOGIES LIMITED",
        "BALKRISHNA INDUSTRIES LIMITED",
        "APOLLO HOSPITALS ENTERPRISE LIMITED",
        "MPHASIS LIMITED",
        "MINDTREE LIMITED",
        "TATA ELXSI LIMITED",
        "INDIGO PAINTS LIMITED",
        "TATA CONSUMER PRODUCTS LIMITED",
        "SUNDARAM FINANCE LIMITED",
        "GUJARAT STATE PETRONET LIMITED",
        "WHIRLPOOL OF INDIA LIMITED",
        "CONTAINER CORPORATION OF INDIA LIMITED",
        "INDIAN RAILWAY CATERING AND TOURISM CORPORATION LIMITED",
        "CROMPTON GREAVES CONSUMER ELECTRICALS LIMITED",
        "L&T TECHNOLOGY SERVICES LIMITED",
        "ALKEM LABORATORIES LIMITED",
        "KOTAK MAHINDRA BANK LIMITED",
        "THE RAMCO CEMENTS LIMITED",
        "GLAND PHARMA LIMITED",
        "PERSISTENT SYSTEMS LIMITED",
        "ALEMBIC PHARMACEUTICALS LIMITED",
        "AVENUE SUPERMARTS LIMITED",
        "GUJARAT GAS LIMITED",
        "ABBOTT INDIA LIMITED",
        "INDIAMART INTERMESH LIMITED",
        "TATVA CHINTAN PHARMA CHEM LIMITED",
        "TATA COMMUNICATIONS LIMITED",
        "CHOLAMANDALAM INVESTMENT AND FINANCE COMPANY LIMITED",
        "SCHAEFFLER INDIA LIMITED",
        "SUMITOMO CHEMICAL INDIA LIMITED",
        "V-GUARD INDUSTRIES LIMITED",
        "CUMMINS INDIA LIMITED",
        "THE INDIAN HOTELS COMPANY LIMITED",
        "CADILA HEALTHCARE LIMITED",
        "ASTRAL POLY TECHNIK LIMITED",
        "BAJAJ FINANCE LIMITED",
        "AIA ENGINEERING LIMITED",
        "PI INDUSTRIES LIMITED"
      ]
    },
    {
      "name": "UTI_NIFTY_INDEX",
      "stocks": [
        "INFOSYS LIMITED",
        "BHARTI AIRTEL LIMITED",
        "EPL LIMITED",
        "PETRONET LNG LIMITED",
        "DABUR INDIA LIMITED",
        "ASIAN PAINTS LIMITED",
        "HCL TECHNOLOGIES LIMITED",
        "NATIONAL ALUMINIUM COMPANY LIMITED",
        "SUN PHARMACEUTICAL INDUSTRIES LIMITED",
        "KAJARIA CERAMICS LIMITED",
        "BHARAT PETROLEUM CORPORATION LIMITED",
        "ICICI BANK LIMITED",
        "ICICI LOMBARD GENERAL INSURANCE COMPANY LIMITED",
        "INFO EDGE (INDIA) LIMITED",
        "HDFC BANK LIMITED",
        "POWER FINANCE CORPORATION LIMITED",
        "VOLTAS LIMITED",
        "MARUTI SUZUKI INDIA LIMITED",
        "TVS MOTOR COMPANY LIMITED",
        "EQUITAS HOLDINGS LIMITED",
        "TORRENT PHARMACEUTICALS LIMITED",
        "TITAN COMPANY LIMITED",
        "HAVELLS INDIA LIMITED",
        "DIVI'S LABORATORIES LIMITED",
        "BALKRISHNA INDUSTRIES LIMITED",
        "MPHASIS LIMITED",
        "EQUITAS SMALL FINANCE BANK LIMITED",
        "TATA CONSUMER PRODUCTS LIMITED",
        "MAX FINANCIAL SERVICES LIMITED",
        "STATE BANK OF INDIA",
        "HDFC LIFE INSURANCE COMPANY LIMITED",
        "SBI LIFE INSURANCE COMPANY LIMITED",
        "INDIAN ENERGY EXCHANGE LIMITED",
        "CROMPTON GREAVES CONSUMER ELECTRICALS LIMITED",
        "ASHOK LEYLAND LIMITED",
        "RELIANCE INDUSTRIES LIMITED",
        "HINDUSTAN PETROLEUM CORPORATION LIMITED",
        "KOTAK MAHINDRA BANK LIMITED",
        "VINATI ORGANICS LIMITED",
        "TATA CONSULTANCY SERVICES LIMITED",
        "AVENUE SUPERMARTS LIMITED",
        "AJANTA PHARMA LIMITED",
        "DR. REDDY'S LABORATORIES LIMITED",
        "NTPC LIMITED",
        "BHARAT ELECTRONICS LIMITED",
        "HINDUSTAN UNILEVER LIMITED",
        "LARSEN & TOUBRO LIMITED",
        "MUTHOOT FINANCE LIMITED",
        "BRITANNIA INDUSTRIES LIMITED",
        "AXIS BANK LIMITED",
        "AMBUJA CEMENTS LIMITED",
        "EICHER MOTORS LIMITED",
        "HOUSING DEVELOPMENT FINANCE CORPORATION LIMITED",
        "ITC LIMITED",
        "BAJAJ FINANCE LIMITED",
        "PI INDUSTRIES LIMITED",
        "BIOCON LIMITED"
      ]
    },
    {
      "name": "AXIS_MIDCAP",
      "stocks": [
        "ADITYA BIRLA FASHION AND RETAIL LIMITED",
        "GRINDWELL NORTON LIMITED",
        "3M INDIA LIMITED",
        "COROMANDEL INTERNATIONAL LIMITED",
        "TTK PRESTIGE LIMITED",
        "ACC LIMITED",
        "SUPREME INDUSTRIES LIMITED",
        "JK CEMENT LIMITED",
        "HONEYWELL AUTOMATION INDIA LIMITED",
        "SANOFI INDIA LIMITED",
        "TRENT LIMITED",
        "ATUL LIMITED",
        "ICICI BANK LIMITED",
        "COFORGE LIMITED",
        "INFO EDGE (INDIA) LIMITED",
        "HDFC BANK LIMITED",
        "CITY UNION BANK LIMITED",
        "VOLTAS LIMITED",
        "IPCA LABORATORIES LIMITED",
        "BATA INDIA LIMITED",
        "AARTI INDUSTRIES LIMITED",
        "TORRENT PHARMACEUTICALS LIMITED",
        "DIVI'S LABORATORIES LIMITED",
        "ENDURANCE TECHNOLOGIES LIMITED",
        "BALKRISHNA INDUSTRIES LIMITED",
        "MINDTREE LIMITED",
        "MPHASIS LIMITED",
        "TATA ELXSI LIMITED",
        "INDIGO PAINTS LIMITED",
        "TATA CONSUMER PRODUCTS LIMITED",
        "SUNDARAM FINANCE LIMITED",
        "GUJARAT STATE PETRONET LIMITED",
        "WHIRLPOOL OF INDIA LIMITED",
        "INDIAN RAILWAY CATERING AND TOURISM CORPORATION LIMITED",
        "CROMPTON GREAVES CONSUMER ELECTRICALS LIMITED",
        "L&T TECHNOLOGY SERVICES LIMITED",
        "KOTAK MAHINDRA BANK LIMITED",
        "ALKEM LABORATORIES LIMITED",
        "THE RAMCO CEMENTS LIMITED",
        "GLAND PHARMA LIMITED",
        "PERSISTENT SYSTEMS LIMITED",
        "ALEMBIC PHARMACEUTICALS LIMITED",
        "AVENUE SUPERMARTS LIMITED",
        "GUJARAT GAS LIMITED",
        "ABBOTT INDIA LIMITED",
        "INDIAMART INTERMESH LIMITED",
        "TATA COMMUNICATIONS LIMITED",
        "CHOLAMANDALAM INVESTMENT AND FINANCE COMPANY LIMITED",
        "V-GUARD INDUSTRIES LIMITED",
        "SUMITOMO CHEMICAL INDIA LIMITED",
        "CUMMINS INDIA LIMITED",
        "CADILA HEALTHCARE LIMITED",
        "THE INDIAN HOTELS COMPANY LIMITED",
        "ASTRAL POLY TECHNIK LIMITED",
        "BAJAJ FINANCE LIMITED",
        "AIA ENGINEERING LIMITED",
        "PI INDUSTRIES LIMITED"
      ]
    },
    {
      "name": "MIRAE_ASSET_EMERGING_BLUECHIP",
      "stocks": [
        "INFOSYS LIMITED",
        "BHARTI AIRTEL LIMITED",
        "KANSAI NEROLAC PAINTS LIMITED",
        "EMAMI LIMITED",
        "DABUR INDIA LIMITED",
        "UTI ASSET MANAGEMENT COMPANY LIMITED",
        "GATEWAY DISTRIPARKS LIMITED",
        "NATIONAL ALUMINIUM COMPANY LIMITED",
        "JK CEMENT LIMITED",
        "SUN PHARMACEUTICAL INDUSTRIES LIMITED",
        "BHARAT PETROLEUM CORPORATION LIMITED",
        "ATUL LIMITED",
        "ICICI BANK LIMITED",
        "HDFC BANK LIMITED",
        "POWER FINANCE CORPORATION LIMITED",
        "VOLTAS LIMITED",
        "IPCA LABORATORIES LIMITED",
        "MARUTI SUZUKI INDIA LIMITED",
        "BATA INDIA LIMITED",
        "PAGE INDUSTRIES LIMITED",
        "SKF INDIA LIMITED",
        "TVS MOTOR COMPANY LIMITED",
        "TORRENT PHARMACEUTICALS LIMITED",
        "TATA STEEL LIMITED",
        "TITAN COMPANY LIMITED",
        "HAVELLS INDIA LIMITED",
        "BALKRISHNA INDUSTRIES LIMITED",
        "MPHASIS LIMITED",
        "CEAT LIMITED",
        "GUJARAT STATE PETRONET LIMITED",
        "MAX FINANCIAL SERVICES LIMITED",
        "STATE BANK OF INDIA",
        "HDFC LIFE INSURANCE COMPANY LIMITED",
        "SBI LIFE INSURANCE COMPANY LIMITED",
        "DR. LAL PATH LABS LIMITED",
        "CROMPTON GREAVES CONSUMER ELECTRICALS LIMITED",
        "INDIAN ENERGY EXCHANGE LIMITED",
        "ASHOK LEYLAND LIMITED",
        "RELIANCE INDUSTRIES LIMITED",
        "KOTAK MAHINDRA BANK LIMITED",
        "HINDUSTAN PETROLEUM CORPORATION LIMITED",
        "VINATI ORGANICS LIMITED",
        "TATA CONSULTANCY SERVICES LIMITED",
        "INDUSIND BANK LIMITED",
        "AVENUE SUPERMARTS LIMITED",
        "AJANTA PHARMA LIMITED",
        "DR. REDDY'S LABORATORIES LIMITED",
        "BHARAT ELECTRONICS LIMITED",
        "DEEPAK NITRITE LIMITED",
        "CHOLAMANDALAM INVESTMENT AND FINANCE COMPANY LIMITED",
        "NATCO PHARMA LIMITED",
        "HINDUSTAN UNILEVER LIMITED",
        "LARSEN & TOUBRO LIMITED",
        "AXIS BANK LIMITED",
        "TATA MOTORS LIMITED",
        "SRF LIMITED",
        "HOUSING DEVELOPMENT FINANCE CORPORATION LIMITED",
        "ITC LIMITED",
        "FORTIS HEALTHCARE LIMITED"
      ]
    },
    {
      "name": "PARAG_PARIKH_FLEXI_CAP",
      "stocks": [
        "MPHASIS LIMITED",
        "COMPUTER AGE MANAGEMENT SERVICES LIMITED",
        "AMAZON.COM INC",
        "SUZUKI MOTOR CORPORATION*",
        "FACEBOOK INC",
        "INDIAN ENERGY EXCHANGE LIMITED",
        "BAJAJ HOLDINGS & INVESTMENT LIMITED",
        "MICROSOFT CORPORATION",
        "MULTI COMMODITY EXCHANGE OF INDIA LIMITED",
        "CENTRAL DEPOSITORY SERVICES (I) LIMITED",
        "PERSISTENT SYSTEMS LIMITED",
        "HCL TECHNOLOGIES LIMITED",
        "DR. REDDY'S LABORATORIES LIMITED",
        "ALPHABET INC.",
        "SUN PHARMACEUTICAL INDUSTRIES LIMITED",
        "HERO MOTOCORP LIMITED",
        "AXIS BANK LIMITED",
        "ICICI BANK LIMITED",
        "TATA MOTORS LIMITED",
        "HDFC BANK LIMITED",
        "CIPLA LIMITED",
        "LUPIN LIMITED",
        "IPCA LABORATORIES LIMITED",
        "MARUTI SUZUKI INDIA LIMITED",
        "ORACLE FINANCIAL SERVICES SOFTWARE LIMITED",
        "CADILA HEALTHCARE LIMITED",
        "ICRA LIMITED",
        "ITC LIMITED",
        "TATA STEEL LIMITED",
        "BALKRISHNA INDUSTRIES LIMITED"
      ]
    },
    {
      "name": "MIRAE_ASSET_LARGE_CAP",
      "stocks": [
        "INFOSYS LIMITED",
        "BHARTI AIRTEL LIMITED",
        "EPL LIMITED",
        "SONA BLW PRECISION FORGINGS LIMITED",
        "SBI CARDS AND PAYMENT SERVICES LIMITED",
        "PETRONET LNG LIMITED",
        "ZOMATO LIMITED",
        "DABUR INDIA LIMITED",
        "ASIAN PAINTS LIMITED",
        "HCL TECHNOLOGIES LIMITED",
        "NATIONAL ALUMINIUM COMPANY LIMITED",
        "SUN PHARMACEUTICAL INDUSTRIES LIMITED",
        "KAJARIA CERAMICS LIMITED",
        "BHARAT PETROLEUM CORPORATION LIMITED",
        "RELIANCE INDUSTRIES LIMITED ** #",
        "ICICI BANK LIMITED",
        "ICICI LOMBARD GENERAL INSURANCE COMPANY LIMITED",
        "INFO EDGE (INDIA) LIMITED",
        "HDFC BANK LIMITED",
        "POWER FINANCE CORPORATION LIMITED",
        "VOLTAS LIMITED",
        "MARUTI SUZUKI INDIA LIMITED",
        "TVS MOTOR COMPANY LIMITED",
        "EQUITAS HOLDINGS LIMITED",
        "KRISHNA INSTITUTE OF MEDICAL SCIENCES LIMITED",
        "TORRENT PHARMACEUTICALS LIMITED",
        "TITAN COMPANY LIMITED",
        "DIVI'S LABORATORIES LIMITED",
        "HAVELLS INDIA LIMITED",
        "BALKRISHNA INDUSTRIES LIMITED",
        "MPHASIS LIMITED",
        "EQUITAS SMALL FINANCE BANK LIMITED",
        "TATA CONSUMER PRODUCTS LIMITED",
        "MAX FINANCIAL SERVICES LIMITED",
        "STATE BANK OF INDIA",
        "HDFC LIFE INSURANCE COMPANY LIMITED",
        "SBI LIFE INSURANCE COMPANY LIMITED",
        "INDIAN ENERGY EXCHANGE LIMITED",
        "CROMPTON GREAVES CONSUMER ELECTRICALS LIMITED",
        "ASHOK LEYLAND LIMITED",
        "L&T TECHNOLOGY SERVICES LIMITED",
        "RELIANCE INDUSTRIES LIMITED",
        "HINDUSTAN PETROLEUM CORPORATION LIMITED",
        "KOTAK MAHINDRA BANK LIMITED",
        "VINATI ORGANICS LIMITED",
        "TATA CONSULTANCY SERVICES LIMITED",
        "AVENUE SUPERMARTS LIMITED",
        "AJANTA PHARMA LIMITED",
        "DR. REDDY'S LABORATORIES LIMITED",
        "NTPC LIMITED",
        "BHARAT ELECTRONICS LIMITED",
        "HINDUSTAN UNILEVER LIMITED",
        "LARSEN & TOUBRO LIMITED",
        "MUTHOOT FINANCE LIMITED",
        "BRITANNIA INDUSTRIES LIMITED",
        "AXIS BANK LIMITED",
        "AMBUJA CEMENTS LIMITED",
        "EICHER MOTORS LIMITED",
        "HOUSING DEVELOPMENT FINANCE CORPORATION LIMITED",
        "ITC LIMITED",
        "BAJAJ FINANCE LIMITED",
        "PI INDUSTRIES LIMITED",
        "BIOCON LIMITED"
      ]
    },
    {
      "name": "SBI_LARGE_&_MIDCAP",
      "stocks": [
        "SHEELA FOAM LIMITED",
        "THE GREAT EASTERN SHIPPING COMPANY LIMITED",
        "GARWARE TECHNICAL FIBRES LIMITED",
        "THANGAMAYIL JEWELLERY LIMITED",
        "ROSSARI BIOTECH LIMITED",
        "NARAYANA HRUDAYALAYA LIMITED",
        "CHALET HOTELS LIMITED",
        "GRINDWELL NORTON LIMITED",
        "TTK PRESTIGE LIMITED",
        "VST INDUSTRIES LIMITED",
        "LEMON TREE HOTELS LIMITED",
        "KEWAL KIRAN CLOTHING LIMITED",
        "CARBORUNDUM UNIVERSAL LIMITED",
        "KIRLOSKAR OIL ENGINES LIMITED",
        "PVR LIMITED",
        "TRIVENI TURBINE LIMITED",
        "HAWKINS COOKERS LIMITED",
        "JK CEMENT LIMITED",
        "WABCO INDIA LIMITED",
        "LAXMI ORGANIC INDUSTRIES LIMITED",
        "KALPATARU POWER TRANSMISSION LIMITED",
        "GE T&D INDIA LIMITED",
        "STAR CEMENT LIMITED",
        "CITY UNION BANK LIMITED",
        "RELAXO FOOTWEARS LIMITED",
        "BURGER KING INDIA LIMITED",
        "ELGI EQUIPMENTS LIMITED",
        "TIMKEN INDIA LIMITED",
        "DODLA DAIRY LIMITED",
        "NAVIN FLUORINE INTERNATIONAL LIMITED",
        "RAJRATAN GLOBAL WIRE LIMITED",
        "CSB BANK LIMITED",
        "COMPUTER AGE MANAGEMENT SERVICES LIMITED",
        "V-MART RETAIL LIMITED",
        "ZYDUS WELLNESS LIMITED",
        "ALEMBIC LIMITED",
        "DISA INDIA LIMITED",
        "ESAB INDIA LIMITED",
        "FINE ORGANIC INDUSTRIES LIMITED",
        "ENGINEERS INDIA LIMITED",
        "FINOLEX INDUSTRIES LIMITED",
        "TECHNO ELECTRIC & ENGINEERING COMPANY LIMITED",
        "GALAXY SURFACTANTS LIMITED",
        "MATRIMONY.COM LIMITED",
        "KNR CONSTRUCTIONS LIMITED",
        "MTAR TECHNOLOGIES LIMITED",
        "AGRO TECH FOODS LIMITED",
        "V-GUARD INDUSTRIES LIMITED",
        "BLUE STAR LIMITED",
        "AHLUWALIA CONTRACTS (INDIA) LIMITED",
        "G R INFRA PROJECTS LIMITED",
        "HATSUN AGRO PRODUCT LIMITED",
        "RATNAMANI METALS & TUBES LIMITED"
      ]
    },
    {
      "name": "AXIS_BLUECHIP",
      "stocks": [
        "INFOSYS LIMITED",
        "BHARTI AIRTEL LIMITED",
        "MOTHERSON SUMI SYSTEMS LIMITED",
        "TATA CONSUMER PRODUCTS LIMITED",
        "SHREE CEMENT LIMITED",
        "NESTLE INDIA LIMITED",
        "HDFC LIFE INSURANCE COMPANY LIMITED",
        "ULTRATECH CEMENT LIMITED",
        "RELIANCE INDUSTRIES LIMITED",
        "KOTAK MAHINDRA BANK LIMITED",
        "ASIAN PAINTS LIMITED",
        "GLAND PHARMA LIMITED",
        "TATA CONSULTANCY SERVICES LIMITED",
        "AVENUE SUPERMARTS LIMITED",
        "DR. REDDY'S LABORATORIES LIMITED",
        "CHOLAMANDALAM INVESTMENT AND FINANCE COMPANY LIMITED",
        "HINDUSTAN UNILEVER LIMITED",
        "WIPRO LIMITED",
        "LARSEN & TOUBRO LIMITED",
        "ICICI BANK LIMITED",
        "ICICI LOMBARD GENERAL INSURANCE COMPANY LIMITED",
        "TATA MOTORS LIMITED",
        "HDFC BANK LIMITED",
        "CIPLA LIMITED",
        "MARUTI SUZUKI INDIA LIMITED",
        "HOUSING DEVELOPMENT FINANCE CORPORATION LIMITED",
        "PIDILITE INDUSTRIES LIMITED",
        "RELIANCE INDUSTRIES LIMITED - PARTLY PAID SHARES",
        "TORRENT PHARMACEUTICALS LIMITED",
        "BAJAJ FINANCE LIMITED",
        "TITAN COMPANY LIMITED",
        "MAHINDRA & MAHINDRA LIMITED",
        "DIVI'S LABORATORIES LIMITED"
      ]
    },
    {
      "name": "ICICI_PRU_BLUECHIP",
      "stocks": [
        "INFOSYS LIMITED",
        "BHARTI AIRTEL LIMITED",
        "OIL & NATURAL GAS CORPORATION LIMITED",
        "INTERGLOBE AVIATION LIMITED",
        "ACC LIMITED",
        "ASIAN PAINTS LIMITED",
        "HCL TECHNOLOGIES LIMITED",
        "GAIL (INDIA) LIMITED",
        "SUN PHARMACEUTICAL INDUSTRIES LIMITED",
        "BHARAT PETROLEUM CORPORATION LIMITED",
        "JM FINANCIAL LIMITED",
        "TRENT LIMITED",
        "TECH MAHINDRA LIMITED",
        "HERO MOTOCORP LIMITED",
        "BANK OF BARODA",
        "ICICI BANK LIMITED",
        "ICICI LOMBARD GENERAL INSURANCE COMPANY LIMITED",
        "HDFC BANK LIMITED",
        "INDIAN OIL CORPORATION LIMITED",
        "MARUTI SUZUKI INDIA LIMITED",
        "HINDALCO INDUSTRIES LIMITED",
        "UNITED BREWERIES LIMITED",
        "HDFC LIMITED",
        "TVS MOTOR COMPANY LIMITED",
        "RELIANCE INDUSTRIES LIMITED - PARTLY PAID SHARES",
        "TORRENT PHARMACEUTICALS LIMITED",
        "UNITED SPIRITS LIMITED",
        "TATA STEEL LIMITED",
        "TITAN COMPANY LIMITED",
        "LIC HOUSING FINANCE LIMITED",
        "GRASIM INDUSTRIES LIMITED",
        "UTI ASSET MANAGEMENT CO LTD",
        "STATE BANK OF INDIA",
        "CONTAINER CORPORATION OF INDIA LIMITED",
        "HINDUSTAN AERONAUTICS LIMITED",
        "SBI LIFE INSURANCE COMPANY LIMITED",
        "ULTRATECH CEMENT LIMITED",
        "ASHOK LEYLAND LIMITED",
        "RELIANCE INDUSTRIES LIMITED",
        "COAL INDIA LIMITED",
        "KOTAK MAHINDRA BANK LIMITED",
        "ALKEM LABORATORIES LIMITED",
        "VEDANTA LIMITED",
        "APOLLO TYRES LIMITED",
        "HINDUSTAN PETROLEUM CORPORATION LIMITED",
        "GLAXOSMITHKLINE PHARMACEUTICALS LIMITED",
        "ICICI SECURITIES LIMITED",
        "GLAND PHARMA LIMITED",
        "TATA CONSULTANCY SERVICES LIMITED",
        "AVENUE SUPERMARTS LIMITED",
        "TATA MOTORS LIMITED - DVR",
        "ICICI PRUDENTIAL LIFE INSURANCE COMPANY LIMITED",
        "DR. REDDY'S LABORATORIES LIMITED",
        "POWER GRID CORPORATION OF INDIA LIMITED",
        "NTPC LIMITED",
        "VODAFONE IDEA LIMITED",
        "HINDUSTAN UNILEVER LIMITED",
        "WIPRO LIMITED",
        "LARSEN & TOUBRO LIMITED",
        "BHARAT FORGE LIMITED",
        "PROCTER & GAMBLE HYGIENE AND HEALTH CARE LIMITED",
        "AXIS BANK LIMITED",
        "CIPLA LIMITED",
        "EICHER MOTORS LIMITED",
        "ITC LIMITED",
        "MAHINDRA & MAHINDRA LIMITED",
        "BIOCON LIMITED"
      ]
    }
  ]
}
